person_id,First Name,Last Name,Full Name,Age,Gender
P1,Raghav,Sharma,Raghav Sharma,60,M
P2,Meera,Sharma,Meera Sharma,58,F
P3,Devendra,Patel,Devendra Patel,62,M
P4,Kusum,Patel,Kusum Patel,59,F
P5,Harish,Rao,Harish Rao,65,M
P6,Nirmala,Rao,Nirmala Rao,63,F
P7,Omkar,Iyer,Omkar Iyer,66,M
P8,Lakshmi,Iyer,Lakshmi Iyer,64,F
P9,Vijay,Sharma,Vijay Sharma,35,M
P10,Sunita,Rao,Sunita Rao,33,F
P11,Anand,Sharma,Anand Sharma,32,M
P12,Kavita,Sharma,Kavita Sharma,34,F
P13,Mahesh,Patel,Mahesh Patel,36,M
P14,Leena,Iyer,Leena Iyer,31,F
P15,Suresh,Rao,Suresh Rao,38,M
P16,Anjali,Patel,Anjali Patel,34,F
P17,Prakash,Rao,Prakash Rao,40,M
P18,Deepa,Sharma,Deepa Sharma,33,F
P19,Ravi,Iyer,Ravi Iyer,37,M
P20,Nisha,Rao,Nisha Rao,35,F
P21,Asha,Sharma,Asha Sharma,10,F
P22,Rohan,Sharma,Rohan Sharma,12,M
P23,Priya,Sharma,Priya Sharma,8,F
P24,Kunal,Rao,Kunal Rao,11,M
P25,Neha,Rao,Neha Rao,9,F
P26,Arjun,Sharma,Arjun Sharma,7,M
P27,Mira,Sharma,Mira Sharma,6,F
P28,Tara,Sharma,Tara Sharma,5,F
P29,Ishaan,Patel,Ishaan Patel,10,M
P30,Diya,Patel,Diya Patel,8,F
P31,Nikhil,Iyer,Nikhil Iyer,12,M
P32,Pooja,Iyer,Pooja Iyer,9,F
P33,Vikram,Iyer,Vikram Iyer,11,M
P34,Sanjay,Rao,Sanjay Rao,14,M
P35,Ritu,Rao,Ritu Rao,13,F
P36,Aditya,Nair,Aditya Nair,15,M
P37,Zoya,Iyer,Zoya Iyer,5,F
P38,Kabir,Iyer,Kabir Iyer,4,M
P39,Aarav,Sharma,Aarav Sharma,3,M
P40,Kiara,Sharma,Kiara Sharma,2,F
P41,Reyansh,Sharma,Reyansh Sharma,1,M
P42,Myra,Rao,Myra Rao,3,F
P43,Advait,Rao,Advait Rao,2,M
P44,Veer,Sharma,Veer Sharma,1,M
P45,Rhea,Patel,Rhea Patel,2,F
P46,Noor,Patel,Noor Patel,1,F
P47,Ishita,Iyer,Ishita Iyer,2,F
P48,Ayaan,Rao,Ayaan Rao,3,M
P49,Shanaya,Rao,Shanaya Rao,2,F
P50,Extra1,Test,Extra1 Test,30,M
P51,Extra2,Test,Extra2 Test,28,F
P52,Extra3,Test,Extra3 Test,27,M
P53,Extra4,Test,Extra4 Test,26,F
P54,Extra5,Test,Extra5 Test,25,M
